{
  "project_info": {
    "project_number": "480604133835",
    "firebase_url": "https://tazminclientapp.firebaseio.com",
    "project_id": "tazminclientapp",
    "storage_bucket": "tazminclientapp.appspot.com"
  },
  "client": [
    {
      "client_info": {
        "mobilesdk_app_id": "1:480604133835:android:834913e06326a7bedc7e4e",
        "android_client_info": {
          "package_name": "com.tazmin.android"
        }
      },
      "oauth_client": [
        {
          "client_id": "480604133835-123dhtlovhr825ufs868f1sobpiaen2n.apps.googleusercontent.com",
          "client_type": 1,
          "android_info": {
            "package_name": "com.tazmin.android",
            "certificate_hash": "30e3f614e67028f050f746539edc2a7a2457c3b9"
          }
        },
        {
          "client_id": "480604133835-73r6vk5k08fdre1edt832honnv8iu6uc.apps.googleusercontent.com",
          "client_type": 1,
          "android_info": {
            "package_name": "com.tazmin.android",
            "certificate_hash": "3491931f9d49c3e40849b6d1c0d776b3e1d2770a"
          }
        },
        {
          "client_id": "480604133835-g6l82tcji4reni7ln9nrh0ntdnoh2tm7.apps.googleusercontent.com",
          "client_type": 1,
          "android_info": {
            "package_name": "com.tazmin.android",
            "certificate_hash": "0d89b43e069118a29c876a9aca94ccb31bf5bfb7"
          }
        },
        {
          "client_id": "480604133835-m920ogr065cf8tn15j40vpt9idumupjq.apps.googleusercontent.com",
          "client_type": 1,
          "android_info": {
            "package_name": "com.tazmin.android",
            "certificate_hash": "d5b38457354ac88da51d1ab1aff0d8290a236623"
          }
        },
        {
          "client_id": "480604133835-oj9n4nnbrfjuc0qsg50tcj3l3iv1aa0c.apps.googleusercontent.com",
          "client_type": 1,
          "android_info": {
            "package_name": "com.tazmin.android",
            "certificate_hash": "2ce5e664cb61386cf54e0846ebe87ecf66fd25ce"
          }
        },
        {
          "client_id": "480604133835-jrvqag47c4sv1932c06rlvrsf9f67p52.apps.googleusercontent.com",
          "client_type": 3
        }
      ],
      "api_key": [
        {
          "current_key": "AIzaSyDsZkw4C1Sj5RWrxoguGW1VOqjWztOT4w0"
        }
      ],
      "services": {
        "appinvite_service": {
          "other_platform_oauth_client": [
            {
              "client_id": "480604133835-jrvqag47c4sv1932c06rlvrsf9f67p52.apps.googleusercontent.com",
              "client_type": 3
            },
            {
              "client_id": "480604133835-rbvfavoshr6c9ee2c175b9ojlhr0jp6p.apps.googleusercontent.com",
              "client_type": 2,
              "ios_info": {
                "bundle_id": "com.tazmin.ios"
              }
            }
          ]
        }
      }
    }
  ],
  "configuration_version": "1"
}