{
  "base_url_old": "https://multi-restaurants.smartersvision.com/",
  "api_base_url_old": "https://multi-restaurants.smartersvision.com/api/",
  "base_url_202": "http://202.131.107.107:8013/fadi_live2/public/",
  "api_base_url_202": "http://202.131.107.107:8013/fadi_live2/public/api/",
  "base_url_live": "https://app.tazmin.net/public/",
  "api_base_url_live": "https://app.tazmin.net/public/api/",
  "base_url": "http://202.131.107.107:8013/fadi_live2/public/",
  "api_base_url": "http://202.131.107.107:8013/fadi_live2/public/api/"
}
